_id,job,createdAt,applicationStatus
6917cdf4998d66b34dac075b,6917cd88998d66b34dac0734,2025-11-15 00:48:52.932,SIN_ESTADO
692867743b4884927933f66e,692797626dc39bf20c52f60f,2025-11-27 15:00:04.307,SIN_ESTADO
6928ab6e985136edda36ae82,69279ce46dc39bf20c52f61c,2025-11-27 19:50:06.623,SIN_ESTADO
692a2b217f1f3ab5036abc0d,69279ddf6dc39bf20c52f62f,2025-11-28 23:07:13.054,SIN_ESTADO
692a5c537f1f3ab5036abe21,69279ce46dc39bf20c52f61c,2025-11-29 02:37:07.991,SIN_ESTADO
69308e2b53aa614862331c3b,69279ce46dc39bf20c52f61c,2025-12-03 19:23:23.539,SIN_ESTADO
69308e5f53aa614862331c57,69279ddf6dc39bf20c52f62f,2025-12-03 19:24:15.980,SIN_ESTADO
693090a753aa614862331d66,69279ce46dc39bf20c52f61c,2025-12-03 19:33:59.344,SIN_ESTADO
693090e553aa614862331d90,69279f586dc39bf20c52f64b,2025-12-03 19:35:01.189,SIN_ESTADO
6930978d53aa614862331eae,69279ce46dc39bf20c52f61c,2025-12-03 20:03:25.755,SIN_ESTADO
693097ad53aa614862331ec5,692797626dc39bf20c52f60f,2025-12-03 20:03:57.470,SIN_ESTADO
6931c2ddbe3e8d01ca25d946,69279ce46dc39bf20c52f61c,2025-12-04 17:20:29.196,SIN_ESTADO
6931c3a1be3e8d01ca25d9af,69279ce46dc39bf20c52f61c,2025-12-04 17:23:45.069,SIN_ESTADO
6931c437be3e8d01ca25d9be,69279ce46dc39bf20c52f61c,2025-12-04 17:26:15.413,SIN_ESTADO
6931d509be3e8d01ca25da14,69279ce46dc39bf20c52f61c,2025-12-04 18:38:01.143,SIN_ESTADO
6931dc42be3e8d01ca25da9a,69279ddf6dc39bf20c52f62f,2025-12-04 19:08:50.552,SIN_ESTADO
6931e053be3e8d01ca25dab5,69279ce46dc39bf20c52f61c,2025-12-04 19:26:11.189,SIN_ESTADO
6931e8a0be3e8d01ca25dad2,69279f586dc39bf20c52f64b,2025-12-04 20:01:36.295,SIN_ESTADO
69325371be3e8d01ca25dd31,692797626dc39bf20c52f60f,2025-12-05 03:37:21.014,SIN_ESTADO
693314bd89577a418209815b,692797626dc39bf20c52f60f,2025-12-05 17:22:05.799,SIN_ESTADO
6934e51b5f46e17fc2979f3c,69279ce46dc39bf20c52f61c,2025-12-07 02:23:23.456,SIN_ESTADO
6934e5445f46e17fc2979f4d,692f5830aafd375d6d269ffb,2025-12-07 02:24:04.647,SIN_ESTADO
6934e5795f46e17fc2979f62,69279ce46dc39bf20c52f61c,2025-12-07 02:24:57.493,SIN_ESTADO
69367b93a46e8a4dc96979e8,69279ce46dc39bf20c52f61c,2025-12-08 07:17:39.021,SIN_ESTADO
69367bf8a46e8a4dc9697a06,692797626dc39bf20c52f60f,2025-12-08 07:19:20.984,SIN_ESTADO
6937168e415ea2a4aa859be8,69279ce46dc39bf20c52f61c,2025-12-08 18:18:54.342,SIN_ESTADO
693716d8415ea2a4aa859bfd,69279ce46dc39bf20c52f61c,2025-12-08 18:20:08.307,SIN_ESTADO
6937318d415ea2a4aa859d20,69279ce46dc39bf20c52f61c,2025-12-08 20:14:05.305,SIN_ESTADO
693768048eb4294c699ce892,69279ce46dc39bf20c52f61c,2025-12-09 00:06:28.740,SIN_ESTADO
6938a38d5d13ccc024946b3f,692797626dc39bf20c52f60f,2025-12-09 22:32:45.361,SIN_ESTADO
6938a3d45d13ccc024946b69,692f5830aafd375d6d269ffb,2025-12-09 22:33:56.500,SIN_ESTADO
6938a3e85d13ccc024946b7d,692797626dc39bf20c52f60f,2025-12-09 22:34:16.826,SIN_ESTADO
6938a40e5d13ccc024946b92,69279ce46dc39bf20c52f61c,2025-12-09 22:34:54.060,SIN_ESTADO
693998942e0173794c843fdd,69279ce46dc39bf20c52f61c,2025-12-10 15:58:12.205,SIN_ESTADO
693999302e0173794c843ff2,69279ce46dc39bf20c52f61c,2025-12-10 16:00:48.360,SIN_ESTADO
6939993f2e0173794c844007,69279ce46dc39bf20c52f61c,2025-12-10 16:01:03.490,SIN_ESTADO
69399d7a2e0173794c84407f,69279ddf6dc39bf20c52f62f,2025-12-10 16:19:06.186,SIN_ESTADO
6939c5402e0173794c8441d1,69279ce46dc39bf20c52f61c,2025-12-10 19:08:48.483,SIN_ESTADO
6939c5732e0173794c8441e6,69279ce46dc39bf20c52f61c,2025-12-10 19:09:39.761,SIN_ESTADO
693a37642e0173794c8442e7,692797626dc39bf20c52f60f,2025-12-11 03:15:48.941,SIN_ESTADO
693b28756594fdd9ab4f1c1a,69279ce46dc39bf20c52f61c,2025-12-11 20:24:21.766,SIN_ESTADO
693c7cc79b5b16da9a6a5cd5,692797626dc39bf20c52f60f,2025-12-12 20:36:23.521,SIN_ESTADO
693c7cdc9b5b16da9a6a5cf4,69279ddf6dc39bf20c52f62f,2025-12-12 20:36:44.862,SIN_ESTADO
693c7ce69b5b16da9a6a5d08,692797626dc39bf20c52f60f,2025-12-12 20:36:54.300,SIN_ESTADO
693cdd8f7a7404be27a297c6,692797626dc39bf20c52f60f,2025-12-13 03:29:19.127,SIN_ESTADO
69421bd816b074ec7dbe0c0b,69279ce46dc39bf20c52f61c,2025-12-17 02:56:24.283,SIN_ESTADO
69421c1716b074ec7dbe0c24,69279ce46dc39bf20c52f61c,2025-12-17 02:57:27.422,SIN_ESTADO
694352db9ca5116b82cd4e27,692797626dc39bf20c52f60f,2025-12-18 01:03:23.728,SIN_ESTADO
6943535c9ca5116b82cd4e35,692797626dc39bf20c52f60f,2025-12-18 01:05:32.819,SIN_ESTADO
69455a87c8f58b252bb6bb17,692f5830aafd375d6d269ffb,2025-12-19 14:00:39.071,SIN_ESTADO
69455aa4c8f58b252bb6bb28,692f5830aafd375d6d269ffb,2025-12-19 14:01:08.885,SIN_ESTADO
69455ac9c8f58b252bb6bb47,692f5830aafd375d6d269ffb,2025-12-19 14:01:45.963,SIN_ESTADO
69455b01c8f58b252bb6bb5c,69279ce46dc39bf20c52f61c,2025-12-19 14:02:41.142,SIN_ESTADO
69455b0bc8f58b252bb6bb77,69279ce46dc39bf20c52f61c,2025-12-19 14:02:51.769,SIN_ESTADO
69456dd9c8f58b252bb6be77,69456d6cc8f58b252bb6be52,2025-12-19 15:23:05.848,SIN_ESTADO
69457397c8f58b252bb6befb,69456d6cc8f58b252bb6be52,2025-12-19 15:47:35.799,SIN_ESTADO
69458c05c8f58b252bb6c1b7,69458be7c8f58b252bb6c1a0,2025-12-19 17:31:49.092,SIN_ESTADO
69458c31c8f58b252bb6c1c9,692f5830aafd375d6d269ffb,2025-12-19 17:32:33.641,SIN_ESTADO
694593d8c8f58b252bb6c311,69458f4cc8f58b252bb6c1f2,2025-12-19 18:05:12.230,SIN_ESTADO
6945b865c8f58b252bb6c680,6945949cc8f58b252bb6c353,2025-12-19 20:41:09.079,SIN_ESTADO
6945c129c8f58b252bb6c6b5,69458be7c8f58b252bb6c1a0,2025-12-19 21:18:33.388,SIN_ESTADO
6945c145c8f58b252bb6c6c3,6945949cc8f58b252bb6c353,2025-12-19 21:19:01.190,RETIRADO
6946ff7f1bbcac95cc041e3b,6945949cc8f58b252bb6c353,2025-12-20 19:56:47.598,SIN_ESTADO
6947008e1bbcac95cc041e7e,694700691bbcac95cc041e58,2025-12-20 20:01:18.456,SIN_ESTADO
694ab796bc9d706db2d17693,69279ddf6dc39bf20c52f62f,2025-12-23 15:39:02.969,SIN_ESTADO
694b692729f30d9145ee4c86,69279ddf6dc39bf20c52f62f,2025-12-24 04:16:39.808,SIN_ESTADO
69513282213785b3aa4fb559,692f5830aafd375d6d269ffb,2025-12-28 13:37:06.334,SIN_ESTADO
69519e97c1495a0c803761e9,694c2433d2c9099891aebefe,2025-12-28 21:18:15.494,SIN_ESTADO
69522099b62de677d6cfe73c,6912191b74d1880032cff34f,2025-12-29 06:32:57.682,SIN_ESTADO
695743345b9db25bd93a33ab,6951a5f4c1495a0c803762e3,2026-01-02 04:01:56.827,RETIRADO
69574ecf5b9db25bd93a3467,6951a5f4c1495a0c803762e3,2026-01-02 04:51:27.343,DESCARTADO
69578e6e5443d28c2e450642,694f54b7a00c93fb63efd208,2026-01-02 09:22:54.049,SIN_ESTADO
6958318d9c1d6916d378299c,6951a5f4c1495a0c803762e3,2026-01-02 20:58:53.725,SIN_ESTADO
695d7d8593f284e4065ab4b2,69458be7c8f58b252bb6c1a0,2026-01-06 21:24:21.583,SIN_ESTADO
695d7dd393f284e4065ab4c3,69458be7c8f58b252bb6c1a0,2026-01-06 21:25:39.303,SIN_ESTADO
695d813a93f284e4065ab5d4,69458be7c8f58b252bb6c1a0,2026-01-06 21:40:10.557,SIN_ESTADO
695d814893f284e4065ab5e2,6951a5f4c1495a0c803762e3,2026-01-06 21:40:24.704,SIN_ESTADO
695d81a793f284e4065ab608,6951a5f4c1495a0c803762e3,2026-01-06 21:41:59.379,SIN_ESTADO
695d820193f284e4065ab61b,69458be7c8f58b252bb6c1a0,2026-01-06 21:43:29.660,SIN_ESTADO
695da9ac93f284e4065ab996,6945949cc8f58b252bb6c353,2026-01-07 00:32:44.371,SIN_ESTADO
695fdb7d5d0287ba6cd3574b,6951a5f4c1495a0c803762e3,2026-01-08 16:29:49.065,SELECCIONADO
69645a20b38dc5641671cb40,6961424db045cb8f35aad40c,2026-01-12 02:19:12.149,SIN_ESTADO
6966e8cd2a1422dcee25653f,692f5830aafd375d6d269ffb,2026-01-14 00:52:29.344,SIN_ESTADO
69699f421c5ea9bb86d2365a,6964f243292bf032934e80bf,2026-01-16 02:15:30.169,SIN_ESTADO
69699f531c5ea9bb86d2366c,6964f243292bf032934e80bf,2026-01-16 02:15:47.505,SIN_ESTADO
69699fc21c5ea9bb86d236f4,6964f243292bf032934e80bf,2026-01-16 02:17:38.977,SIN_ESTADO
696ba568e362fb5ef6f61c2b,6964fcfe6f47d400d63355e7,2026-01-17 15:06:16.399,SIN_ESTADO
696bb74fe362fb5ef6f61cef,6964fcfe6f47d400d63355e7,2026-01-17 16:22:39.350,SIN_ESTADO
696d2c9b8ec1172702f236b4,692f5830aafd375d6d269ffb,2026-01-18 18:55:23.147,SIN_ESTADO
696fcf0e48b28af4a30fad26,692f5830aafd375d6d269ffb,2026-01-20 18:53:02.868,SIN_ESTADO
69702c7a1d1db00684beedca,6964fcfe6f47d400d63355e7,2026-01-21 01:31:38.255,SIN_ESTADO
6975643b0b000e8f0c723fd5,6964fcfe6f47d400d63355e7,2026-01-25 00:30:51.566,SIN_ESTADO
6977ae442804d91b11fa0bcc,6976a2367af3401857d42891,2026-01-26 18:11:16.568,SIN_ESTADO
6977c6092804d91b11fa0cb3,692f5830aafd375d6d269ffb,2026-01-26 19:52:41.902,SIN_ESTADO
6977d6ef2804d91b11fa0d49,6976a2367af3401857d42891,2026-01-26 21:04:47.652,SIN_ESTADO
69780ff72804d91b11fa0fd2,6976a2367af3401857d42891,2026-01-27 01:08:07.276,SIN_ESTADO
697810812804d91b11fa100e,6976a2367af3401857d42891,2026-01-27 01:10:25.431,SIN_ESTADO
697810f92804d91b11fa106a,69458be7c8f58b252bb6c1a0,2026-01-27 01:12:25.121,SIN_ESTADO
6978f6ccb091f4fd95fc0ce8,6964fcfe6f47d400d63355e7,2026-01-27 17:33:00.268,SIN_ESTADO
6978f6d0b091f4fd95fc0cf5,6976a2367af3401857d42891,2026-01-27 17:33:04.771,SIN_ESTADO
6978fb53b091f4fd95fc0d73,6976a2367af3401857d42891,2026-01-27 17:52:19.242,SIN_ESTADO
697921c5b091f4fd95fc1011,6976a2367af3401857d42891,2026-01-27 20:36:21.752,SIN_ESTADO
6979275bb091f4fd95fc10b5,69458be7c8f58b252bb6c1a0,2026-01-27 21:00:11.432,SIN_ESTADO
697aa33b785dcaccfa78e065,6976a2367af3401857d42891,2026-01-29 00:00:59.986,SIN_ESTADO
697bab2023d340445635b561,6976a2367af3401857d42891,2026-01-29 18:46:56.903,SIN_ESTADO
697bab6a23d340445635b5a5,6964fcfe6f47d400d63355e7,2026-01-29 18:48:10.436,SIN_ESTADO
697bee4e23d340445635ba2d,69792b99b091f4fd95fc1109,2026-01-29 23:33:34.573,SIN_ESTADO
6986c7c786bd19df581b423b,695aaf697d81350ece8d2bda,2026-02-07 05:04:07.620,SIN_ESTADO
698aaf44874686204da9641a,6976a2367af3401857d42891,2026-02-10 04:08:36.517,SIN_ESTADO
698c9b920942cd6cf2808e57,69858882c457c1e0ea2a2062,2026-02-11 15:09:06.026,SIN_ESTADO
698d47cb0942cd6cf28095f0,69792b99b091f4fd95fc1109,2026-02-12 03:23:55.897,SIN_ESTADO
698d48740942cd6cf28096ea,698d47bf0942cd6cf280959e,2026-02-12 03:26:44.690,SIN_ESTADO
698d7b720942cd6cf2809a36,692f5830aafd375d6d269ffb,2026-02-12 07:04:18.060,SIN_ESTADO
698dcb2b460447db5980371e,6951a5f4c1495a0c803762e3,2026-02-12 12:44:27.632,SIN_ESTADO
698ddd62460447db598037c9,6951a5f4c1495a0c803762e3,2026-02-12 14:02:10.920,SIN_ESTADO
698ddfa5460447db5980386a,6951a5f4c1495a0c803762e3,2026-02-12 14:11:49.316,SIN_ESTADO
698de1f5460447db598038fd,6951a5f4c1495a0c803762e3,2026-02-12 14:21:41.706,SIN_ESTADO
698de448460447db59803955,6951a5f4c1495a0c803762e3,2026-02-12 14:31:36.247,DESCARTADO
698deca4460447db59803b44,6951a5f4c1495a0c803762e3,2026-02-12 15:07:16.278,SIN_ESTADO
698e9bf3460447db59804270,6951a5f4c1495a0c803762e3,2026-02-13 03:35:15.334,SIN_ESTADO
698ea8f1b686da7c1a81e253,6951a5f4c1495a0c803762e3,2026-02-13 04:30:41.954,EN_REVISION
698f188ef0267ee2878fbbb2,6951a5f4c1495a0c803762e3,2026-02-13 12:26:54.734,SIN_ESTADO
6993ff0c35d6618af1414344,6976a2367af3401857d42891,2026-02-17 05:39:24.267,SIN_ESTADO
6993ff8935d6618af1414387,695aaf697d81350ece8d2bda,2026-02-17 05:41:29.848,SIN_ESTADO
69957bec7483f05f9810e9a1,6995758e2b34b6358a0c4a18,,SIN_ESTADO
6997824b61b235ecac644edb,69781ada2804d91b11fa127e,2026-02-19 21:36:11.310,SIN_ESTADO
699910fa406cd5a7ed2a422b,699910a6406cd5a7ed2a418d,2026-02-21 01:57:14.220,EN_REVISION
6999c3ea05ca4458324e1e86,699504acac70117a31a14075,2026-02-21 14:40:42.058,SIN_ESTADO
6999c3fd05ca4458324e1e98,699504acac70117a31a14075,2026-02-21 14:41:01.018,DESCARTADO
6999c40a05ca4458324e1eaa,699504acac70117a31a14075,2026-02-21 14:41:14.111,SIN_ESTADO
6999c47705ca4458324e1ed6,699504acac70117a31a14075,2026-02-21 14:43:03.720,SIN_ESTADO
6999c4bd05ca4458324e1efc,699504acac70117a31a14075,2026-02-21 14:44:13.970,SIN_ESTADO
6999c4d105ca4458324e1f0e,699504acac70117a31a14075,2026-02-21 14:44:33.109,SIN_ESTADO
6999c4da05ca4458324e1f20,699504acac70117a31a14075,2026-02-21 14:44:42.952,SIN_ESTADO
6999c4e105ca4458324e1f2f,699504acac70117a31a14075,2026-02-21 14:44:49.913,SIN_ESTADO
6999c4eb05ca4458324e1f41,699504acac70117a31a14075,2026-02-21 14:44:59.992,SIN_ESTADO
6999c4f205ca4458324e1f53,699504acac70117a31a14075,2026-02-21 14:45:06.884,SELECCIONADO
6999c4ff05ca4458324e1f65,699504acac70117a31a14075,2026-02-21 14:45:19.817,SIN_ESTADO
6999c53c05ca4458324e1f88,699504acac70117a31a14075,2026-02-21 14:46:20.079,SIN_ESTADO
6999c54505ca4458324e1f97,699504acac70117a31a14075,2026-02-21 14:46:29.347,SIN_ESTADO
6999c54f05ca4458324e1fa9,699504acac70117a31a14075,2026-02-21 14:46:39.038,SIN_ESTADO
6999c55805ca4458324e1fb8,699504acac70117a31a14075,2026-02-21 14:46:48.136,SIN_ESTADO
6999c55e05ca4458324e1fca,699504acac70117a31a14075,2026-02-21 14:46:54.512,SIN_ESTADO
699d30581098f169ac6b961c,699d2f3f1098f169ac6b959f,2026-02-24 05:00:08.165,SIN_ESTADO
699f298f260c672b7d391abb,699cb82c9f413832731dfdb7,2026-02-25 16:55:43.270,SIN_ESTADO
699f32d1260c672b7d391f56,699cb82c9f413832731dfdb7,2026-02-25 17:35:13.842,SIN_ESTADO
699f6a9f260c672b7d392822,69715c69e4f81e18f9196daf,2026-02-25 21:33:19.321,SIN_ESTADO
699f6aab260c672b7d39283e,69715c69e4f81e18f9196daf,2026-02-25 21:33:31.023,SIN_ESTADO
699f6ab2260c672b7d39285d,69715c69e4f81e18f9196daf,2026-02-25 21:33:38.060,SIN_ESTADO
699f6abf260c672b7d392879,69715c69e4f81e18f9196daf,2026-02-25 21:33:51.522,SIN_ESTADO
699f6aca260c672b7d392898,69715c69e4f81e18f9196daf,2026-02-25 21:34:02.094,SIN_ESTADO
699f6ad4260c672b7d3928b4,69715c69e4f81e18f9196daf,2026-02-25 21:34:12.143,SIN_ESTADO
699f6adb260c672b7d3928d5,69715c69e4f81e18f9196daf,2026-02-25 21:34:19.205,EN_REVISION
699f6ae2260c672b7d3928f1,69715c69e4f81e18f9196daf,2026-02-25 21:34:26.372,SIN_ESTADO
699f6af0260c672b7d392910,69715c69e4f81e18f9196daf,2026-02-25 21:34:40.475,SIN_ESTADO
699f6af7260c672b7d39292c,69715c69e4f81e18f9196daf,2026-02-25 21:34:47.936,SIN_ESTADO
699f6aff260c672b7d39294b,69715c69e4f81e18f9196daf,2026-02-25 21:34:55.798,SIN_ESTADO
699f6b0a260c672b7d392967,69715c69e4f81e18f9196daf,2026-02-25 21:35:06.560,SIN_ESTADO
699f88a1260c672b7d392e8e,699cb82c9f413832731dfdb7,2026-02-25 23:41:21.071,EN_REVISION
699f9ba6260c672b7d39302d,699cb82c9f413832731dfdb7,2026-02-26 01:02:30.433,SIN_ESTADO
699faad2260c672b7d3930c7,699cb82c9f413832731dfdb7,2026-02-26 02:07:14.613,SIN_ESTADO
699fd12f260c672b7d393251,699cb82c9f413832731dfdb7,2026-02-26 04:50:55.804,SIN_ESTADO
69a0602126c2319410cd4ab9,699cb82c9f413832731dfdb7,2026-02-26 15:00:49.165,SELECCIONADO
69a088c726c2319410cd515c,699cb82c9f413832731dfdb7,2026-02-26 17:54:15.921,SIN_ESTADO
69a0d47126c2319410cd5cad,699cb82c9f413832731dfdb7,2026-02-26 23:17:05.815,EN_REVISION
69a15fe972698b1ef0fbd95f,699910a6406cd5a7ed2a418d,2026-02-27 09:12:09.502,ENTREVISTA
69a1a4ab72698b1ef0fbe4ef,699cb82c9f413832731dfdb7,2026-02-27 14:05:31.235,ENVIADO
69a1a58972698b1ef0fbe584,699910a6406cd5a7ed2a418d,2026-02-27 14:09:13.801,RETIRADO
69a1a82572698b1ef0fbe889,69781ada2804d91b11fa127e,2026-02-27 14:20:21.067,ENVIADO
69a1b92072698b1ef0fbec53,692f5830aafd375d6d269ffb,2026-02-27 15:32:48.067,ENVIADO
69a1cd1372698b1ef0fbf65a,699cb82c9f413832731dfdb7,2026-02-27 16:57:55.371,ENVIADO
69a1d08e72698b1ef0fbf914,699cb82c9f413832731dfdb7,2026-02-27 17:12:46.519,RETIRADO
69a1deb372698b1ef0fc00c2,699cb82c9f413832731dfdb7,2026-02-27 18:13:07.935,ENVIADO
69a1eb3772698b1ef0fc05ac,69715c69e4f81e18f9196daf,2026-02-27 19:06:31.993,ENVIADO
69a32da0b879cef8133fa0a2,69781ada2804d91b11fa127e,2026-02-28 18:02:08.213,ENVIADO
69a32e1db879cef8133fa11b,692f5830aafd375d6d269ffb,2026-02-28 18:04:13.308,ENVIADO
69a3487db879cef8133fa4a5,699cb82c9f413832731dfdb7,2026-02-28 19:56:45.182,ENVIADO
69a3c543b879cef8133fac49,6951a5f4c1495a0c803762e3,2026-03-01 04:49:07.749,ENVIADO
69a595a6d9014e9bbac9a1e8,699cb82c9f413832731dfdb7,2026-03-02 13:50:30.845,ENVIADO
69a6260dd9014e9bbac9b3e0,692f5830aafd375d6d269ffb,2026-03-03 00:06:37.670,ENVIADO
69a627c4d9014e9bbac9b4fc,699cb82c9f413832731dfdb7,2026-03-03 00:13:56.959,ENVIADO
69a70965b59eef69c8f37d9b,699cb82c9f413832731dfdb7,2026-03-03 16:16:37.894,ENVIADO
69a71c2bb59eef69c8f38114,699504acac70117a31a14075,2026-03-03 17:36:43.523,DESCARTADO
69aa57bd648f9a0b9ab9b12e,69a21ddd72698b1ef0fc130c,2026-03-06 04:27:41.888,ENVIADO
69aaffa047f0c1e0b4c7abd9,69a9b3216334fb4b84d8946c,2026-03-06 16:24:00.214,ENVIADO
69abba91b89938fcf47a35fa,699cb82c9f413832731dfdb7,2026-03-07 05:41:37.686,ENVIADO
69abbadfb89938fcf47a3657,692f5830aafd375d6d269ffb,2026-03-07 05:42:55.538,ENVIADO
69abdc31b89938fcf47a3857,699504acac70117a31a14075,2026-03-07 08:05:05.450,ENVIADO
69b25f51eabdb6e8f45d61d4,69a21ddd72698b1ef0fc130c,2026-03-12 06:38:09.318,ENVIADO
69b5c9080d0d354faca66bb1,69a21ddd72698b1ef0fc130c,2026-03-14 20:46:00.380,ENVIADO
69b72139bdeb060b764dfd48,69a21ddd72698b1ef0fc130c,2026-03-15 21:14:33.467,ENVIADO
69b9cbdb53a32b8b7f0214ce,699cb82c9f413832731dfdb7,2026-03-17 21:47:08.003,ENVIADO
69bb1589cf7dc97eccf1c2bf,69b9f20a53a32b8b7f022322,2026-03-18 21:13:45.192,DESCARTADO
69bb79b0cf7dc97eccf1cdde,69b9f20a53a32b8b7f022322,2026-03-19 04:21:04.040,EN_REVISION
69bc553b8df089596e400217,69b9f20a53a32b8b7f022322,2026-03-19 19:57:47.187,DESCARTADO
69bc746b8df089596e400376,69b9f20a53a32b8b7f022322,2026-03-19 22:10:51.949,SELECCIONADO
69bd776d739f4a5de60ec64b,69b9f20a53a32b8b7f022322,2026-03-20 16:35:57.443,EN_REVISION
69bd85a1739f4a5de60ec7ca,69b9f20a53a32b8b7f022322,2026-03-20 17:36:33.955,EN_REVISION
69bd8b56739f4a5de60ec95d,69b9f20a53a32b8b7f022322,2026-03-20 18:00:54.137,SELECCIONADO
69bda37b739f4a5de60ecb95,692f5830aafd375d6d269ffb,2026-03-20 19:43:55.323,ENVIADO
69bda412739f4a5de60ecc04,69b9f20a53a32b8b7f022322,2026-03-20 19:46:26.541,EN_REVISION
69bdf6ab739f4a5de60ed6cd,69b9f20a53a32b8b7f022322,2026-03-21 01:38:51.048,SELECCIONADO
69bee24c739f4a5de60eecd0,69b9f20a53a32b8b7f022322,2026-03-21 18:24:12.624,ENVIADO
69c0be7309d9ef031b767b84,69b9f20a53a32b8b7f022322,2026-03-23 04:15:47.072,ENVIADO
69c0c72e09d9ef031b767d6b,69b9f20a53a32b8b7f022322,2026-03-23 04:53:02.887,ENVIADO
69c197fba4ec1610ef71e566,69b9f20a53a32b8b7f022322,2026-03-23 19:43:55.006,ENVIADO
69c19a29a4ec1610ef71e6f1,69b9f20a53a32b8b7f022322,2026-03-23 19:53:13.371,ENVIADO
69c1a6c8a4ec1610ef71e7cc,69b9f20a53a32b8b7f022322,2026-03-23 20:47:04.658,ENVIADO
69c318f5a4ec1610ef721474,69b9f20a53a32b8b7f022322,2026-03-24 23:06:29.347,ENVIADO
69c35d9fa4ec1610ef72189e,69b9f20a53a32b8b7f022322,2026-03-25 03:59:27.444,ENVIADO
69c375ada4ec1610ef721b4a,69b9f20a53a32b8b7f022322,2026-03-25 05:42:05.992,ENVIADO
69c3ecdca4ec1610ef7224e3,69b9f20a53a32b8b7f022322,2026-03-25 14:10:36.025,ENVIADO
69c5504f40a5850469e2111f,69b9f20a53a32b8b7f022322,2026-03-26 15:27:11.805,ENVIADO
69c55b5c40a5850469e2143e,69b9f20a53a32b8b7f022322,2026-03-26 16:14:20.020,ENVIADO
69c5628940a5850469e21748,69b9f20a53a32b8b7f022322,2026-03-26 16:44:57.268,ENVIADO
69c5954440a5850469e21d55,69b9f20a53a32b8b7f022322,2026-03-26 20:21:24.370,ENVIADO
69c5bc5c40a5850469e2215a,6951a5f4c1495a0c803762e3,2026-03-26 23:08:12.525,ENVIADO
69c5d08040a5850469e22443,69b9f20a53a32b8b7f022322,2026-03-27 00:34:08.738,ENVIADO
69c9cb69beff4affd28eb6ad,69c9c3f0beff4affd28eb3eb,2026-03-30 01:01:29.345,ENVIADO
69c9cffabeff4affd28eb9eb,69c9c3f0beff4affd28eb3eb,2026-03-30 01:20:58.890,EN_REVISION
69cb22064ad287b27d7dd834,69b9f20a53a32b8b7f022322,2026-03-31 01:23:18.623,ENVIADO
69ccb313f44995d33a5cdc23,69b9f20a53a32b8b7f022322,2026-04-01 05:54:27.977,ENVIADO
69cedb177b4467a1826edc5d,69b9f20a53a32b8b7f022322,2026-04-02 21:09:43.503,ENVIADO
69d56c1200e8777484c105f7,69b9f20a53a32b8b7f022322,2026-04-07 20:41:54.962,ENVIADO
69d963de0031803ca9e04a8b,69d3f1af8a9c1cd0bb4a4f7e,2026-04-10 20:55:58.418,ENVIADO
69d9a1340031803ca9e04e9a,69d3f1af8a9c1cd0bb4a4f7e,2026-04-11 01:17:40.284,ENVIADO
69de985156ecdfe12673a604,69d3f1af8a9c1cd0bb4a4f7e,2026-04-14 19:41:05.528,ENVIADO
69e12256041c0873fe1a4f8f,69d3f1af8a9c1cd0bb4a4f7e,2026-04-16 17:54:30.188,ENVIADO
69e1264e977ecdcfaf32db23,69d3f1af8a9c1cd0bb4a4f7e,2026-04-16 18:11:26.790,ENVIADO
69e1a535b4be029cfbd0e9cf,69d3f1af8a9c1cd0bb4a4f7e,2026-04-17 03:12:53.647,ENVIADO
69e42776a43584db35675794,69d3f1af8a9c1cd0bb4a4f7e,2026-04-19 00:53:10.554,ENVIADO
69e64cc2239f20d09d977103,69d3f1af8a9c1cd0bb4a4f7e,2026-04-20 15:56:50.495,ENVIADO
69e7a3213708aede00e5340a,69e66e84239f20d09d977811,2026-04-21 16:17:37.599,EN_REVISION
69e80a533708aede00e53e9a,69e66e84239f20d09d977811,2026-04-21 23:37:55.011,EN_REVISION
69e990fe6f55e265f5695172,69c5c1bd40a5850469e222ab,2026-04-23 03:24:46.681,ENVIADO
69e9a53d6f55e265f5695357,69d3f1af8a9c1cd0bb4a4f7e,2026-04-23 04:51:09.422,ENVIADO
69eb8a94cefd4d145d3ee227,69d3f1af8a9c1cd0bb4a4f7e,2026-04-24 15:21:56.307,ENVIADO
69eff625d9515966edaf98ad,69ecfb23d20f4a0acbfe7d2f,2026-04-27 23:49:57.561,EN_REVISION
69f1528ae5f4f10bddccbb47,69ecfb23d20f4a0acbfe7d2f,2026-04-29 00:36:26.313,EN_REVISION
69f2ad2fb1d7db38e10fbf82,69ecfb23d20f4a0acbfe7d2f,2026-04-30 01:15:27.653,ENVIADO
69f2d9dbb1d7db38e10fc656,69ecfb23d20f4a0acbfe7d2f,2026-04-30 04:26:03.818,EN_REVISION
69f3edf7c1e64cb254579e50,69ecfb23d20f4a0acbfe7d2f,2026-05-01 00:04:07.882,ENVIADO
69f8cf022d57db926fdfeb83,69ecfb23d20f4a0acbfe7d2f,2026-05-04 16:53:22.055,EN_REVISION
69f8d6172d57db926fdfedbe,69ecfb23d20f4a0acbfe7d2f,2026-05-04 17:23:35.208,EN_REVISION
69f8d6262d57db926fdfedf5,69ecfb23d20f4a0acbfe7d2f,2026-05-04 17:23:50.619,EN_REVISION
69f8d6452d57db926fdfee28,69ecfb23d20f4a0acbfe7d2f,2026-05-04 17:24:21.794,ENVIADO
69f8d6cc2d57db926fdfee75,69ecfb23d20f4a0acbfe7d2f,2026-05-04 17:26:36.597,ENVIADO
69f8d6dc2d57db926fdfeea8,69ecfb23d20f4a0acbfe7d2f,2026-05-04 17:26:52.927,EN_REVISION
69f8d6f02d57db926fdfeed7,69ecfb23d20f4a0acbfe7d2f,2026-05-04 17:27:12.654,EN_REVISION
69f8d7012d57db926fdfef06,69ecfb23d20f4a0acbfe7d2f,2026-05-04 17:27:29.612,EN_REVISION
69f8d7122d57db926fdfef3b,69ecfb23d20f4a0acbfe7d2f,2026-05-04 17:27:46.320,EN_REVISION
69f8d75b2d57db926fdfef7c,69ecfb23d20f4a0acbfe7d2f,2026-05-04 17:28:59.245,EN_REVISION
69f8d76e2d57db926fdfefab,69ecfb23d20f4a0acbfe7d2f,2026-05-04 17:29:18.653,ENVIADO
69f8d7822d57db926fdfefdc,69ecfb23d20f4a0acbfe7d2f,2026-05-04 17:29:38.871,ENVIADO
69f8d7b82d57db926fdff01a,69ecfb23d20f4a0acbfe7d2f,2026-05-04 17:30:32.437,ENVIADO
69f8d7f62d57db926fdff059,69ecfb23d20f4a0acbfe7d2f,2026-05-04 17:31:34.157,EN_REVISION
69f8d8332d57db926fdff099,69ecfb23d20f4a0acbfe7d2f,2026-05-04 17:32:35.689,EN_REVISION
69f8d8452d57db926fdff0cd,69ecfb23d20f4a0acbfe7d2f,2026-05-04 17:32:53.565,ENVIADO
69f8d8582d57db926fdff0fc,69ecfb23d20f4a0acbfe7d2f,2026-05-04 17:33:12.248,EN_REVISION
69f8d86c2d57db926fdff12d,69ecfb23d20f4a0acbfe7d2f,2026-05-04 17:33:32.265,ENVIADO
69f8d8a82d57db926fdff16c,69ecfb23d20f4a0acbfe7d2f,2026-05-04 17:34:32.072,ENVIADO
69f8d8b92d57db926fdff1a1,69ecfb23d20f4a0acbfe7d2f,2026-05-04 17:34:49.601,EN_REVISION
69f8d8cb2d57db926fdff1d0,69ecfb23d20f4a0acbfe7d2f,2026-05-04 17:35:07.065,ENVIADO
69f8d8db2d57db926fdff1ff,69ecfb23d20f4a0acbfe7d2f,2026-05-04 17:35:23.780,ENVIADO
69f8d8ef2d57db926fdff22e,69ecfb23d20f4a0acbfe7d2f,2026-05-04 17:35:43.273,EN_REVISION
69f8d9dd2d57db926fdff404,69ecfb23d20f4a0acbfe7d2f,2026-05-04 17:39:41.033,ENVIADO
69f8d9f12d57db926fdff43a,69ecfb23d20f4a0acbfe7d2f,2026-05-04 17:40:01.308,ENVIADO
69f8da042d57db926fdff469,69ecfb23d20f4a0acbfe7d2f,2026-05-04 17:40:20.783,EN_REVISION
69f8da182d57db926fdff498,69ecfb23d20f4a0acbfe7d2f,2026-05-04 17:40:40.104,ENVIADO
69f8da282d57db926fdff4cd,69ecfb23d20f4a0acbfe7d2f,2026-05-04 17:40:56.945,EN_REVISION
69f8e64e2d57db926fdff6fe,69ecfb23d20f4a0acbfe7d2f,2026-05-04 18:32:46.758,ENVIADO
69f8e6652d57db926fdff72d,69ecfb23d20f4a0acbfe7d2f,2026-05-04 18:33:09.811,EN_REVISION
69f8e67d2d57db926fdff75e,69ecfb23d20f4a0acbfe7d2f,2026-05-04 18:33:33.444,ENVIADO
69f8eba82d57db926fdff89a,69ecfb23d20f4a0acbfe7d2f,2026-05-04 18:55:36.373,ENVIADO
69f902ae2d57db926fdfff5a,69ecfb23d20f4a0acbfe7d2f,2026-05-04 20:33:50.848,ENVIADO
69f902e22d57db926fdfff9d,69ecfb23d20f4a0acbfe7d2f,2026-05-04 20:34:42.024,ENVIADO
69f9034c2d57db926fdffff5,69ecfb23d20f4a0acbfe7d2f,2026-05-04 20:36:28.043,ENVIADO
69f903932d57db926fe0003c,69ecfb23d20f4a0acbfe7d2f,2026-05-04 20:37:39.247,ENVIADO
69f903d12d57db926fe0007d,69ecfb23d20f4a0acbfe7d2f,2026-05-04 20:38:41.401,ENVIADO
69f903f72d57db926fe000b8,69ecfb23d20f4a0acbfe7d2f,2026-05-04 20:39:19.986,ENVIADO
69f9044a2d57db926fe00115,69ecfb23d20f4a0acbfe7d2f,2026-05-04 20:40:42.304,ENVIADO
69f904752d57db926fe0014c,69ecfb23d20f4a0acbfe7d2f,2026-05-04 20:41:25.065,ENVIADO
69f9049d2d57db926fe00187,69ecfb23d20f4a0acbfe7d2f,2026-05-04 20:42:05.795,EN_REVISION
69f905462d57db926fe0020d,69ecfb23d20f4a0acbfe7d2f,2026-05-04 20:44:54.468,EN_REVISION
69f905f12d57db926fe0025c,69ecfb23d20f4a0acbfe7d2f,2026-05-04 20:47:45.205,ENVIADO
69f906002d57db926fe0028b,69ecfb23d20f4a0acbfe7d2f,2026-05-04 20:48:00.845,EN_REVISION
69f906182d57db926fe002bc,69ecfb23d20f4a0acbfe7d2f,2026-05-04 20:48:24.185,ENVIADO
69f9062d2d57db926fe002f1,69ecfb23d20f4a0acbfe7d2f,2026-05-04 20:48:45.868,ENVIADO
69f906422d57db926fe00320,69ecfb23d20f4a0acbfe7d2f,2026-05-04 20:49:06.652,ENVIADO
69f906572d57db926fe0034f,69ecfb23d20f4a0acbfe7d2f,2026-05-04 20:49:27.230,ENVIADO
69f906682d57db926fe00382,69ecfb23d20f4a0acbfe7d2f,2026-05-04 20:49:44.435,EN_REVISION
69f907342d57db926fe003da,69ecfb23d20f4a0acbfe7d2f,2026-05-04 20:53:08.026,ENVIADO
69f907432d57db926fe0040b,69ecfb23d20f4a0acbfe7d2f,2026-05-04 20:53:23.902,ENVIADO
69f907582d57db926fe0043e,69ecfb23d20f4a0acbfe7d2f,2026-05-04 20:53:44.820,EN_REVISION
69f907742d57db926fe00475,69ecfb23d20f4a0acbfe7d2f,2026-05-04 20:54:12.147,ENVIADO
69f9078b2d57db926fe004b7,69ecfb23d20f4a0acbfe7d2f,2026-05-04 20:54:35.321,ENVIADO
69f907a12d57db926fe004ea,69ecfb23d20f4a0acbfe7d2f,2026-05-04 20:54:57.669,ENVIADO
69f909d02d57db926fe00579,69ecfb23d20f4a0acbfe7d2f,2026-05-04 21:04:16.992,EN_REVISION
69f909e72d57db926fe005ac,69ecfb23d20f4a0acbfe7d2f,2026-05-04 21:04:39.742,ENVIADO
69f909fb2d57db926fe005db,69ecfb23d20f4a0acbfe7d2f,2026-05-04 21:04:59.247,ENVIADO
69f90a092d57db926fe0060a,69ecfb23d20f4a0acbfe7d2f,2026-05-04 21:05:13.981,EN_REVISION
69f90a1b2d57db926fe00637,69ecfb23d20f4a0acbfe7d2f,2026-05-04 21:05:31.925,ENVIADO
69f90a2b2d57db926fe0066a,69ecfb23d20f4a0acbfe7d2f,2026-05-04 21:05:47.491,ENVIADO
69f90a3e2d57db926fe006aa,69ecfb23d20f4a0acbfe7d2f,2026-05-04 21:06:06.345,ENVIADO
69f90a542d57db926fe006d9,69ecfb23d20f4a0acbfe7d2f,2026-05-04 21:06:28.252,ENVIADO
69f93bd42d57db926fe00abf,69f67ac1b4b12206613dcc62,2026-05-05 00:37:40.303,ENVIADO
69f96f602d57db926fe01217,69f67ac1b4b12206613dcc62,2026-05-05 04:17:36.918,ENVIADO
69f9e9c32d57db926fe019fb,69f67ac1b4b12206613dcc62,2026-05-05 12:59:47.342,ENVIADO
69fa03442d57db926fe01f0c,69f67ac1b4b12206613dcc62,2026-05-05 14:48:36.875,ENVIADO
69fa3d8c2d57db926fe026a6,69f67ac1b4b12206613dcc62,2026-05-05 18:57:16.516,ENVIADO
69fa465d2d57db926fe02871,69f67ac1b4b12206613dcc62,2026-05-05 19:34:53.108,ENVIADO
69fea08796861cd1ccea183c,69f67ac1b4b12206613dcc62,2026-05-09 02:48:39.769,ENVIADO
6a0323cdf17c40a03586d956,69ecfb23d20f4a0acbfe7d2f,2026-05-12 12:57:49.221,ENVIADO
6a0323e2f17c40a03586d985,69ecfb23d20f4a0acbfe7d2f,2026-05-12 12:58:10.401,EN_REVISION
6a0323f4f17c40a03586d9b8,69ecfb23d20f4a0acbfe7d2f,2026-05-12 12:58:28.857,ENVIADO
6a032409f17c40a03586d9e7,69ecfb23d20f4a0acbfe7d2f,2026-05-12 12:58:49.038,ENVIADO
6a03241cf17c40a03586da16,69ecfb23d20f4a0acbfe7d2f,2026-05-12 12:59:08.007,ENVIADO
6a03261af17c40a03586da87,69ecfb23d20f4a0acbfe7d2f,2026-05-12 13:07:38.989,ENVIADO
6a032633f17c40a03586dab8,69ecfb23d20f4a0acbfe7d2f,2026-05-12 13:08:03.730,EN_REVISION
6a03264bf17c40a03586daeb,69ecfb23d20f4a0acbfe7d2f,2026-05-12 13:08:27.962,EN_REVISION
6a032661f17c40a03586db1a,69ecfb23d20f4a0acbfe7d2f,2026-05-12 13:08:49.680,ENVIADO
6a032786f17c40a03586db7a,69ecfb23d20f4a0acbfe7d2f,2026-05-12 13:13:42.484,ENVIADO
6a0327a0f17c40a03586dbab,69ecfb23d20f4a0acbfe7d2f,2026-05-12 13:14:08.119,ENVIADO
6a034a28f17c40a03586e2da,69ecfb23d20f4a0acbfe7d2f,2026-05-12 15:41:28.860,ENVIADO
6a0355b1f17c40a03586e5ac,69ecfb23d20f4a0acbfe7d2f,2026-05-12 16:30:41.303,EN_REVISION
6a0355c2f17c40a03586e5db,69ecfb23d20f4a0acbfe7d2f,2026-05-12 16:30:58.667,ENVIADO
6a0355d7f17c40a03586e60a,69ecfb23d20f4a0acbfe7d2f,2026-05-12 16:31:19.223,ENVIADO
6a035613f17c40a03586e649,69ecfb23d20f4a0acbfe7d2f,2026-05-12 16:32:19.040,ENVIADO
6a035649f17c40a03586e686,69ecfb23d20f4a0acbfe7d2f,2026-05-12 16:33:13.254,ENVIADO
6a035660f17c40a03586e6b9,69ecfb23d20f4a0acbfe7d2f,2026-05-12 16:33:36.285,ENVIADO
6a035835f17c40a03586e736,69ecfb23d20f4a0acbfe7d2f,2026-05-12 16:41:25.484,ENVIADO
6a035847f17c40a03586e768,69ecfb23d20f4a0acbfe7d2f,2026-05-12 16:41:43.134,ENVIADO
6a035858f17c40a03586e795,69ecfb23d20f4a0acbfe7d2f,2026-05-12 16:42:00.322,ENVIADO
6a03586df17c40a03586e7c6,69ecfb23d20f4a0acbfe7d2f,2026-05-12 16:42:21.408,ENVIADO
6a0358d2f17c40a03586e80b,69ecfb23d20f4a0acbfe7d2f,2026-05-12 16:44:02.624,ENVIADO
6a0358e6f17c40a03586e83a,69ecfb23d20f4a0acbfe7d2f,2026-05-12 16:44:22.655,ENVIADO
6a0358fff17c40a03586e871,69ecfb23d20f4a0acbfe7d2f,2026-05-12 16:44:47.085,ENVIADO
6a035916f17c40a03586e8a0,69ecfb23d20f4a0acbfe7d2f,2026-05-12 16:45:10.742,ENVIADO
6a0a27965edb773a5566106e,6a03c7f7f17c40a03586fad2,2026-05-17 20:39:50.374,ENVIADO
6a0b9a505edb773a55663096,6a03c7f7f17c40a03586fad2,2026-05-18 23:01:36.436,ENVIADO
6a0c9c2de1bb8228ea17625f,6a09ddfd5edb773a55660607,2026-05-19 17:21:50.001,DESCARTADO
6a0c9ed9e1bb8228ea17649e,6a0b43105edb773a55662799,2026-05-19 17:33:13.869,EN_REVISION
6a0cc97de1bb8228ea17678f,6a03c7f7f17c40a03586fad2,2026-05-19 20:35:09.707,ENVIADO
6a0f7e7f5161ed0ca637b35f,6a03c7f7f17c40a03586fad2,2026-05-21 21:51:59.518,ENVIADO
6a10a37d4265e93766b5395d,6a10a3324265e93766b538ef,2026-05-22 18:42:05.425,ENVIADO
6a10a39c4265e93766b53990,6a10a3324265e93766b538ef,2026-05-22 18:42:36.619,ENVIADO
6a10a3c04265e93766b539c3,6a10a3324265e93766b538ef,2026-05-22 18:43:12.331,ENVIADO
6a10a3dd4265e93766b539f3,6a10a3324265e93766b538ef,2026-05-22 18:43:41.716,ENVIADO
6a10a6724265e93766b53a69,6a10a3324265e93766b538ef,2026-05-22 18:54:42.416,ENVIADO
6a10a6904265e93766b53a9c,6a10a3324265e93766b538ef,2026-05-22 18:55:12.038,ENVIADO
6a10a6b04265e93766b53acf,6a10a3324265e93766b538ef,2026-05-22 18:55:44.197,ENVIADO
6a10a8324265e93766b53ba9,6a10a3324265e93766b538ef,2026-05-22 19:02:10.576,ENVIADO
6a10a9894265e93766b53c20,6a10a3324265e93766b538ef,2026-05-22 19:07:53.778,ENVIADO
6a10a9a44265e93766b53c51,6a10a3324265e93766b538ef,2026-05-22 19:08:20.778,ENVIADO
6a10a9bd4265e93766b53c7f,6a10a3324265e93766b538ef,2026-05-22 19:08:45.204,ENVIADO
6a10aa0f4265e93766b53cbe,6a10a3324265e93766b538ef,2026-05-22 19:10:07.975,ENVIADO
6a10ab8c4265e93766b53d26,6a10a3324265e93766b538ef,2026-05-22 19:16:28.559,SELECCIONADO
6a10aca24265e93766b53db8,6a0b43105edb773a55662799,2026-05-22 19:21:06.455,EN_REVISION
6a145d9582b5c5bb2b0f1dfe,6a03c7f7f17c40a03586fad2,2026-05-25 14:32:53.496,ENVIADO
6a14d69b82b5c5bb2b0f28c8,6a10a3324265e93766b538ef,2026-05-25 23:09:15.664,ENVIADO
6a14d6b482b5c5bb2b0f28f7,6a10a3324265e93766b538ef,2026-05-25 23:09:40.964,ENVIADO
6a14d6d382b5c5bb2b0f293c,6a10a3324265e93766b538ef,2026-05-25 23:10:11.409,ENVIADO
6a14d6ea82b5c5bb2b0f296b,6a10a3324265e93766b538ef,2026-05-25 23:10:34.577,ENVIADO
6a14d73b82b5c5bb2b0f29b8,6a10a3324265e93766b538ef,2026-05-25 23:11:55.897,ENVIADO
6a14d75882b5c5bb2b0f29eb,6a10a3324265e93766b538ef,2026-05-25 23:12:24.512,ENVIADO
6a14d77482b5c5bb2b0f2a17,6a10a3324265e93766b538ef,2026-05-25 23:12:52.819,ENVIADO
6a14d78d82b5c5bb2b0f2a45,6a10a3324265e93766b538ef,2026-05-25 23:13:17.599,ENVIADO
6a14d88482b5c5bb2b0f2a9b,6a10a3324265e93766b538ef,2026-05-25 23:17:24.468,ENVIADO
6a14d8a482b5c5bb2b0f2aca,6a10a3324265e93766b538ef,2026-05-25 23:17:56.878,EN_REVISION
6a14d8bc82b5c5bb2b0f2afb,6a10a3324265e93766b538ef,2026-05-25 23:18:20.396,ENVIADO
6a14d95c82b5c5bb2b0f2b50,6a10a3324265e93766b538ef,2026-05-25 23:21:00.150,ENVIADO
6a14d97182b5c5bb2b0f2b82,6a10a3324265e93766b538ef,2026-05-25 23:21:21.283,ENVIADO
6a14d98d82b5c5bb2b0f2bc2,6a10a3324265e93766b538ef,2026-05-25 23:21:49.795,ENVIADO
6a14dab082b5c5bb2b0f2c16,6a10a3324265e93766b538ef,2026-05-25 23:26:40.384,ENVIADO
6a14dac682b5c5bb2b0f2c47,6a10a3324265e93766b538ef,2026-05-25 23:27:02.386,ENVIADO
6a14dae082b5c5bb2b0f2c75,6a10a3324265e93766b538ef,2026-05-25 23:27:28.856,ENVIADO
6a14daf682b5c5bb2b0f2ca4,6a10a3324265e93766b538ef,2026-05-25 23:27:50.135,EN_REVISION
6a14dbb782b5c5bb2b0f2cf0,6a10a3324265e93766b538ef,2026-05-25 23:31:03.001,ENVIADO
6a14dc3382b5c5bb2b0f2d32,6a10a3324265e93766b538ef,2026-05-25 23:33:07.387,ENVIADO
6a14dd0082b5c5bb2b0f2d84,6a10a3324265e93766b538ef,2026-05-25 23:36:32.324,ENVIADO
6a14dd1682b5c5bb2b0f2db3,6a10a3324265e93766b538ef,2026-05-25 23:36:54.558,ENVIADO
6a14ddc58b6fae231e35dc43,6a10a3324265e93766b538ef,2026-05-25 23:39:49.424,ENVIADO
6a14dddf8b6fae231e35dc86,6a10a3324265e93766b538ef,2026-05-25 23:40:15.960,ENVIADO
6a14dec28b6fae231e35dce9,6a10a3324265e93766b538ef,2026-05-25 23:44:02.770,ENVIADO
6a14dede8b6fae231e35dd1a,6a10a3324265e93766b538ef,2026-05-25 23:44:30.017,ENVIADO
6a14def38b6fae231e35dd57,6a10a3324265e93766b538ef,2026-05-25 23:44:51.962,EN_REVISION
6a14df098b6fae231e35dd88,6a10a3324265e93766b538ef,2026-05-25 23:45:13.310,ENVIADO
6a14dfb78b6fae231e35ddd2,6a10a3324265e93766b538ef,2026-05-25 23:48:07.602,ENVIADO
6a1617bfa9be8c9eb1acf131,6a10a3324265e93766b538ef,2026-05-26 21:59:27.250,ENVIADO
6a1617dda9be8c9eb1acf160,6a10a3324265e93766b538ef,2026-05-26 21:59:57.468,ENVIADO
6a1617ffa9be8c9eb1acf193,6a10a3324265e93766b538ef,2026-05-26 22:00:31.954,ENVIADO
6a16181fa9be8c9eb1acf1c6,6a10a3324265e93766b538ef,2026-05-26 22:01:03.457,ENVIADO
6a164de0a9be8c9eb1acf6d9,6a10a3324265e93766b538ef,2026-05-27 01:50:24.018,ENVIADO
6a164e8aa9be8c9eb1acf76a,6a10a3324265e93766b538ef,2026-05-27 01:53:14.198,ENVIADO
6a164ee6a9be8c9eb1acf7ab,6a10a3324265e93766b538ef,2026-05-27 01:54:46.188,ENVIADO
6a165037fc0c928a51e7e7a9,6a10a3324265e93766b538ef,2026-05-27 02:00:23.208,ENVIADO
6a1650f3fc0c928a51e7e80b,6a10a3324265e93766b538ef,2026-05-27 02:03:31.918,ENVIADO
6a16528bfc0c928a51e7e8c6,6a10a3324265e93766b538ef,2026-05-27 02:10:19.825,ENVIADO
6a165293fc0c928a51e7e8e0,6a10a3324265e93766b538ef,2026-05-27 02:10:27.809,ENVIADO
6a16825afc0c928a51e7ed2b,692f5830aafd375d6d269ffb,2026-05-27 05:34:18.275,ENVIADO
6a171a215887dbd6e2450c7a,6a10a3324265e93766b538ef,2026-05-27 16:21:53.414,ENVIADO
6a171eec5887dbd6e2450fd3,6a10a3324265e93766b538ef,2026-05-27 16:42:20.277,ENVIADO
6a17204b5887dbd6e245111c,6a10a3324265e93766b538ef,2026-05-27 16:48:11.005,ENVIADO
6a1721bc5887dbd6e2451202,6a10a3324265e93766b538ef,2026-05-27 16:54:20.835,ENVIADO
6a189ab4eb890c93001cc1cd,6a0b43105edb773a55662799,2026-05-28 19:42:44.913,EN_REVISION
6a1b142a96f20145d49779d7,69b9f20a53a32b8b7f022322,2026-05-30 16:45:30.617,ENVIADO
6a1db980dd836319c5f4e745,6a0b43105edb773a55662799,2026-06-01 16:55:28.574,EN_REVISION
6a1db9c5dd836319c5f4e771,6a0b43105edb773a55662799,2026-06-01 16:56:37.407,EN_REVISION
6a1dbf33dd836319c5f4e973,6a0b43105edb773a55662799,2026-06-01 17:19:47.241,EN_REVISION
6a1dc055dd836319c5f4e9ed,6a0b43105edb773a55662799,2026-06-01 17:24:37.326,SELECCIONADO
6a1dc326dd836319c5f4eb4f,6a0b43105edb773a55662799,2026-06-01 17:36:38.964,EN_REVISION
6a1dd971dd836319c5f4f316,699504acac70117a31a14075,2026-06-01 19:11:45.369,ENVIADO
6a1f7ce6aefedd0eb5021b6a,6a0b43105edb773a55662799,2026-06-03 01:01:26.938,EN_REVISION
6a20371cfa36efb49b6af8cb,6a09ddfd5edb773a55660607,2026-06-03 14:15:56.480,DESCARTADO
6a2037aefa36efb49b6af909,6a09ddfd5edb773a55660607,2026-06-03 14:18:22.638,SELECCIONADO
6a203896fa36efb49b6afa1a,6a09ddfd5edb773a55660607,2026-06-03 14:22:14.975,SELECCIONADO
6a2039e7fa36efb49b6afa8f,6a0b43105edb773a55662799,2026-06-03 14:27:51.601,DESCARTADO
6a203d4ffa36efb49b6afbb6,6a0b43105edb773a55662799,2026-06-03 14:42:23.657,EN_REVISION
6a203e15fa36efb49b6afc12,6a0b43105edb773a55662799,2026-06-03 14:45:41.677,SELECCIONADO
6a203ed6fa36efb49b6afc52,6a0b43105edb773a55662799,2026-06-03 14:48:54.646,DESCARTADO
6a20c3e43467962d2bf71222,6a09ddfd5edb773a55660607,2026-06-04 00:16:36.972,SELECCIONADO
6a20c4043467962d2bf7124d,6a09ddfd5edb773a55660607,2026-06-04 00:17:08.591,SELECCIONADO
6a20c4393467962d2bf71297,6a09ddfd5edb773a55660607,2026-06-04 00:18:01.954,SELECCIONADO
6a20e7253467962d2bf7160f,6a09ddfd5edb773a55660607,2026-06-04 02:47:01.938,DESCARTADO
6a21b6c34acf5bce05a5ac02,6a0b43105edb773a55662799,2026-06-04 17:32:51.751,EN_REVISION
6a21b71f4acf5bce05a5ac37,6a0b43105edb773a55662799,2026-06-04 17:34:23.522,EN_REVISION
6a21b8e54acf5bce05a5ada5,6a09ddfd5edb773a55660607,2026-06-04 17:41:57.414,SELECCIONADO
6a21b94c3681377d637989a2,6a0b43105edb773a55662799,2026-06-04 17:43:40.933,ENVIADO
6a21b94d3681377d637989a6,6a0b43105edb773a55662799,2026-06-04 17:43:41.630,ENVIADO
6a21bacb4acf5bce05a5ae91,6a09ddfd5edb773a55660607,2026-06-04 17:50:03.071,SELECCIONADO
6a21bc7a4acf5bce05a5af31,6a09ddfd5edb773a55660607,2026-06-04 17:57:14.139,SELECCIONADO
6a233f2b78929b2aa77fbbcb,6a09ddfd5edb773a55660607,2026-06-05 21:27:07.225,SELECCIONADO
6a270952993fa15e9645f488,6a09ddfd5edb773a55660607,2026-06-08 18:26:26.472,SELECCIONADO
6a270a00993fa15e9645f4bd,6a09ddfd5edb773a55660607,2026-06-08 18:29:20.794,SELECCIONADO
6a27490c993fa15e9645fc6a,6a0b43105edb773a55662799,2026-06-08 22:58:20.537,EN_REVISION
6a274dc8993fa15e9645fd68,6a0b43105edb773a55662799,2026-06-08 23:18:32.645,EN_REVISION
6a274e47993fa15e9645fdb4,6a0b43105edb773a55662799,2026-06-08 23:20:39.559,EN_REVISION
6a274ee3993fa15e9645fe0a,6a0b43105edb773a55662799,2026-06-08 23:23:15.201,EN_REVISION
6a29a47ecf34e1381455de93,6a09ddfd5edb773a55660607,2026-06-10 17:53:02.407,ENVIADO
6a29abf39101b1fd5e3eb23d,6a09ddfd5edb773a55660607,2026-06-10 18:24:52.010,ENVIADO
6a29abfb9101b1fd5e3eb240,6a09ddfd5edb773a55660607,2026-06-10 18:24:59.420,ENVIADO
6a29c80d91048afa30293b75,6a29c7da91048afa30293b20,2026-06-10 20:24:45.524,ENVIADO
6a29c81591048afa30293b8e,6a29c7da91048afa30293b20,2026-06-10 20:24:53.716,ENVIADO
6a29c8c391048afa30293c86,6a29c7da91048afa30293b20,2026-06-10 20:27:47.877,ENVIADO
6a29cc4391048afa30293e48,6a09ddfd5edb773a55660607,2026-06-10 20:42:43.245,ENVIADO
6a2a3cf8038bac2611cc6e1f,6a09ddfd5edb773a55660607,2026-06-11 04:43:36.486,EN_REVISION
6a2f5d419e08e7901e915291,6a09ddfd5edb773a55660607,2026-06-15 02:02:41.048,EN_REVISION
6a2f5ddb9e08e7901e9152e4,6a09ddfd5edb773a55660607,2026-06-15 02:05:15.181,ENVIADO
6a31299ae5fa6db805a11575,6a03c7f7f17c40a03586fad2,2026-06-16 10:46:50.320,ENVIADO
6a32ce02866f7a7ffde8d312,6a322db504845a0f4ea75f42,2026-06-17 16:40:34.422,EN_REVISION
6a32dc10866f7a7ffde8d486,6a322db504845a0f4ea75f42,2026-06-17 17:40:32.950,SELECCIONADO
6a342eb0decf34c3a8ec1192,6a322db504845a0f4ea75f42,2026-06-18 17:45:20.903,ENVIADO
6a39d434b842e01d0c9dc0d0,6a322db504845a0f4ea75f42,2026-06-23 00:32:52.093,ENVIADO
6a4c4bede8680249f1832c7e,6a322db504845a0f4ea75f42,2026-07-07 00:44:29.258,EN_REVISION
6a4c4c9de8680249f1832caa,6a322db504845a0f4ea75f42,2026-07-07 00:47:25.752,SELECCIONADO
6a4c53e5e8680249f1832d3d,6a322db504845a0f4ea75f42,2026-07-07 01:18:29.480,SELECCIONADO
6a4d63d62d7e4eb22fe61c3c,6a322db504845a0f4ea75f42,2026-07-07 20:38:46.207,ENVIADO
6a4fd564510d785592361a56,6a322db504845a0f4ea75f42,2026-07-09 17:07:48.521,SELECCIONADO
6a511f62269dd13c50d6d1db,6a322db504845a0f4ea75f42,2026-07-10 16:35:46.685,ENVIADO
6a51796a269dd13c50d6da6a,6a322db504845a0f4ea75f42,2026-07-10 22:59:54.448,ENVIADO
6a5179c35db3767e1a731a6b,6a322db504845a0f4ea75f42,2026-07-10 23:01:23.912,ENVIADO
6a5179fa5db3767e1a731a72,6a322db504845a0f4ea75f42,2026-07-10 23:02:18.380,SELECCIONADO
6a517a68269dd13c50d6daad,6a322db504845a0f4ea75f42,2026-07-10 23:04:08.873,ENVIADO
6a517ab6269dd13c50d6dad3,6a322db504845a0f4ea75f42,2026-07-10 23:05:26.989,ENVIADO
6a517b64269dd13c50d6db03,6a322db504845a0f4ea75f42,2026-07-10 23:08:20.857,ENVIADO
6a517be2269dd13c50d6db2f,6a322db504845a0f4ea75f42,2026-07-10 23:10:26.647,ENVIADO
6a5803f1303628e35f22b122,6a516d69269dd13c50d6d9e0,2026-07-15 22:04:33.185,DESCARTADO
6a7b199c92cc6104dd8fc6b6,6a47b1db759396216b6e8348,2026-08-11 12:46:20.291,EN_PROCESO
6a836bc5ee9cdb52175ef4e4,6a679b96edc1fb6d8c3b6216,2026-08-17 20:15:01.185,POSTULADO
